{"cameraMode":{"drawMode":0,"name":"Shaded","section":"Shading Mode"},"sceneLighting":true,"audioPlay":false,"sceneViewState":{"showFog":false,"showMaterialUpdate":false,"showSkybox":false,"showFlares":false,"showImageEffects":false,"showParticleSystems":false},"in2DMode":false,"pivot":{"x":347.42779541015627,"y":214.63095092773438,"z":-43.25138854980469},"rotation":{"x":0.2908928692340851,"y":0.2665793001651764,"z":-0.08472631871700287,"w":0.9149799942970276},"size":232.58816528320313,"orthographic":false}